{
    "gallery":[
        {
            "thumb":"images/thumbs/01.jpg",
            "full":"images/fulls/01.jpg",
            "name":"Magna feugiat lorem"
        },
        {"thumb":"images/thumbs/02.jpg","full":"images/fulls/02.jpg","name":"Nisl adipiscing"},
        {"thumb":"images/thumbs/03.jpg","full":"images/fulls/03.jpg","name":"aliquam veroeros"},
        {"thumb":"images/thumbs/04.jpg","full":"images/fulls/04.jpg","name":"Aliquam ipsum sed dolore"},
        {"thumb":"images/thumbs/05.jpg","full":"images/fulls/05.jpg","name":"Cursis aliquam nisl"},
        {"thumb":"images/thumbs/06.jpg","full":"images/fulls/06.jpg","name":"Sed consequat phasellus"},
        {"thumb":"images/thumbs/07.jpg","full":"images/fulls/07.jpg","name":"Mauris id tellus arcu"},
        {"thumb":"images/thumbs/08.jpg","full":"images/fulls/08.jpg","name":"Nunc vehicula id nulla"},
        {"thumb":"images/thumbs/09.jpg","full":"images/fulls/09.jpg","name":"Neque et faucibus viverra"},
        {"thumb":"images/thumbs/10.jpg","full":"images/fulls/10.jpg","name":"Mattis ante fermentum"},
        {"thumb":"images/thumbs/11.jpg","full":"images/fulls/11.jpg","name":"Sed ac elementum arcu"},
        {"thumb":"images/thumbs/12.jpg","full":"images/fulls/12.jpg","name":"Vehicula id nulla dignissim"}
    ]

}
